Eje Cafetero - Antioquia,5,Antioquia,5.001,Medellín
Eje Cafetero - Antioquia,5,Antioquia,5.002,Abejorral
Eje Cafetero - Antioquia,5,Antioquia,5.004,Abriaquí
Eje Cafetero - Antioquia,5,Antioquia,5.021,Alejandría
Eje Cafetero - Antioquia,5,Antioquia,5.03,Amagá
Eje Cafetero - Antioquia,5,Antioquia,5.031,Amalfi
Eje Cafetero - Antioquia,5,Antioquia,5.034,Andes
Eje Cafetero - Antioquia,5,Antioquia,5.036,Angelópolis
Eje Cafetero - Antioquia,5,Antioquia,5.038,Angostura
Eje Cafetero - Antioquia,5,Antioquia,5.04,Anorí
Centro Oriente,15,Boyacá,15.832,Tununguá
Eje Cafetero - Antioquia,5,Antioquia,5.044,Anza
Eje Cafetero - Antioquia,5,Antioquia,5.045,Apartadó
Eje Cafetero - Antioquia,5,Antioquia,5.051,Arboletes
Eje Cafetero - Antioquia,5,Antioquia,5.055,Argelia
Eje Cafetero - Antioquia,5,Antioquia,5.059,Armenia
Eje Cafetero - Antioquia,5,Antioquia,5.079,Barbosa
Eje Cafetero - Antioquia,5,Antioquia,5.088,Bello
Eje Cafetero - Antioquia,5,Antioquia,5.091,Betania
Eje Cafetero - Antioquia,5,Antioquia,5.093,Betulia
Eje Cafetero - Antioquia,5,Antioquia,5.101,Ciudad Bolívar
Eje Cafetero - Antioquia,5,Antioquia,5.107,Briceño
Eje Cafetero - Antioquia,5,Antioquia,5.113,Buriticá
Eje Cafetero - Antioquia,5,Antioquia,5.12,Cáceres
Eje Cafetero - Antioquia,5,Antioquia,5.125,Caicedo
Eje Cafetero - Antioquia,5,Antioquia,5.129,Caldas
Eje Cafetero - Antioquia,5,Antioquia,5.134,Campamento
Eje Cafetero - Antioquia,5,Antioquia,5.138,Cañasgordas
Eje Cafetero - Antioquia,5,Antioquia,5.142,Caracolí
Eje Cafetero - Antioquia,5,Antioquia,5.145,Caramanta
Eje Cafetero - Antioquia,5,Antioquia,5.147,Carepa
Centro Oriente,15,Boyacá,15.476,Motavita
Eje Cafetero - Antioquia,5,Antioquia,5.15,Carolina
Eje Cafetero - Antioquia,5,Antioquia,5.154,Caucasia
Eje Cafetero - Antioquia,5,Antioquia,5.172,Chigorodó
Eje Cafetero - Antioquia,5,Antioquia,5.19,Cisneros
Eje Cafetero - Antioquia,5,Antioquia,5.197,Cocorná
Eje Cafetero - Antioquia,5,Antioquia,5.206,Concepción
Eje Cafetero - Antioquia,5,Antioquia,5.209,Concordia
Eje Cafetero - Antioquia,5,Antioquia,5.212,Copacabana
Eje Cafetero - Antioquia,5,Antioquia,5.234,Dabeiba
Eje Cafetero - Antioquia,5,Antioquia,5.237,Don Matías
Eje Cafetero - Antioquia,5,Antioquia,5.24,Ebéjico
Eje Cafetero - Antioquia,5,Antioquia,5.25,El Bagre
Eje Cafetero - Antioquia,5,Antioquia,5.264,Entrerrios
Eje Cafetero - Antioquia,5,Antioquia,5.266,Envigado
Eje Cafetero - Antioquia,5,Antioquia,5.282,Fredonia
Caribe,23,Córdoba,23.675,San Bernardo del Viento
Eje Cafetero - Antioquia,5,Antioquia,5.306,Giraldo
Eje Cafetero - Antioquia,5,Antioquia,5.308,Girardota
Eje Cafetero - Antioquia,5,Antioquia,5.31,Gómez Plata
Pacífico,27,Chocó,27.361,Istmina
Eje Cafetero - Antioquia,5,Antioquia,5.315,Guadalupe
Eje Cafetero - Antioquia,5,Antioquia,5.318,Guarne
Eje Cafetero - Antioquia,5,Antioquia,5.321,Guatapé
Eje Cafetero - Antioquia,5,Antioquia,5.347,Heliconia
Eje Cafetero - Antioquia,5,Antioquia,5.353,Hispania
Eje Cafetero - Antioquia,5,Antioquia,5.36,Itagui
Eje Cafetero - Antioquia,5,Antioquia,5.361,Ituango
Eje Cafetero - Antioquia,5,Antioquia,5.086,Belmira
Eje Cafetero - Antioquia,5,Antioquia,5.368,Jericó
Eje Cafetero - Antioquia,5,Antioquia,5.376,La Ceja
Eje Cafetero - Antioquia,5,Antioquia,5.38,La Estrella
Eje Cafetero - Antioquia,5,Antioquia,5.39,La Pintada
Eje Cafetero - Antioquia,5,Antioquia,5.4,La Unión
Eje Cafetero - Antioquia,5,Antioquia,5.411,Liborina
Eje Cafetero - Antioquia,5,Antioquia,5.425,Maceo
Eje Cafetero - Antioquia,5,Antioquia,5.44,Marinilla
Eje Cafetero - Antioquia,5,Antioquia,5.467,Montebello
Eje Cafetero - Antioquia,5,Antioquia,5.475,Murindó
Eje Cafetero - Antioquia,5,Antioquia,5.48,Mutatá
Eje Cafetero - Antioquia,5,Antioquia,5.483,Nariño
Eje Cafetero - Antioquia,5,Antioquia,5.49,Necoclí
Eje Cafetero - Antioquia,5,Antioquia,5.495,Nechí
Eje Cafetero - Antioquia,5,Antioquia,5.501,Olaya
Eje Cafetero - Antioquia,5,Antioquia,5.541,Peñol
Eje Cafetero - Antioquia,5,Antioquia,5.543,Peque
Eje Cafetero - Antioquia,5,Antioquia,5.576,Pueblorrico
Eje Cafetero - Antioquia,5,Antioquia,5.579,Puerto Berrío
Eje Cafetero - Antioquia,5,Antioquia,5.585,Puerto Nare
Eje Cafetero - Antioquia,5,Antioquia,5.591,Puerto Triunfo
Eje Cafetero - Antioquia,5,Antioquia,5.604,Remedios
Eje Cafetero - Antioquia,5,Antioquia,5.607,Retiro
Eje Cafetero - Antioquia,5,Antioquia,5.615,Rionegro
Eje Cafetero - Antioquia,5,Antioquia,5.628,Sabanalarga
Eje Cafetero - Antioquia,5,Antioquia,5.631,Sabaneta
Eje Cafetero - Antioquia,5,Antioquia,5.642,Salgar
Centro Oriente,15,Boyacá,15.189,Ciénega
Pacífico,52,Nariño,52.699,Santacruz
Eje Cafetero - Antioquia,5,Antioquia,5.652,San Francisco
Eje Cafetero - Antioquia,5,Antioquia,5.656,San Jerónimo
Centro Oriente,68,Santander,68.575,Puerto Wilches
Centro Oriente,68,Santander,68.573,Puerto Parra
Eje Cafetero - Antioquia,5,Antioquia,5.66,San Luis
Eje Cafetero - Antioquia,5,Antioquia,5.664,San Pedro
Eje Cafetero - Antioquia,5,Antioquia,5.667,San Rafael
Eje Cafetero - Antioquia,5,Antioquia,5.67,San Roque
Eje Cafetero - Antioquia,5,Antioquia,5.674,San Vicente
Eje Cafetero - Antioquia,5,Antioquia,5.679,Santa Bárbara
Eje Cafetero - Antioquia,5,Antioquia,5.69,Santo Domingo
Eje Cafetero - Antioquia,5,Antioquia,5.697,El Santuario
Eje Cafetero - Antioquia,5,Antioquia,5.736,Segovia
Eje Cafetero - Antioquia,5,Antioquia,5.761,Sopetrán
Llano,50,Meta,50.37,Uribe
Eje Cafetero - Antioquia,5,Antioquia,5.789,Támesis
Eje Cafetero - Antioquia,5,Antioquia,5.79,Tarazá
Eje Cafetero - Antioquia,5,Antioquia,5.792,Tarso
Eje Cafetero - Antioquia,5,Antioquia,5.809,Titiribí
Eje Cafetero - Antioquia,5,Antioquia,5.819,Toledo
Eje Cafetero - Antioquia,5,Antioquia,5.837,Turbo
Eje Cafetero - Antioquia,5,Antioquia,5.842,Uramita
Eje Cafetero - Antioquia,5,Antioquia,5.847,Urrao
Eje Cafetero - Antioquia,5,Antioquia,5.854,Valdivia
Eje Cafetero - Antioquia,5,Antioquia,5.856,Valparaíso
Eje Cafetero - Antioquia,5,Antioquia,5.858,Vegachí
Eje Cafetero - Antioquia,5,Antioquia,5.861,Venecia
Eje Cafetero - Antioquia,5,Antioquia,5.885,Yalí
Eje Cafetero - Antioquia,5,Antioquia,5.887,Yarumal
Eje Cafetero - Antioquia,5,Antioquia,5.89,Yolombó
Eje Cafetero - Antioquia,5,Antioquia,5.893,Yondó
Eje Cafetero - Antioquia,5,Antioquia,5.895,Zaragoza
Caribe,8,Atlántico,8.001,Barranquilla
Caribe,8,Atlántico,8.078,Baranoa
Caribe,8,Atlántico,8.141,Candelaria
Caribe,8,Atlántico,8.296,Galapa
Caribe,8,Atlántico,8.421,Luruaco
Caribe,8,Atlántico,8.433,Malambo
Caribe,8,Atlántico,8.436,Manatí
Caribe,8,Atlántico,8.549,Piojó
Caribe,8,Atlántico,8.558,Polonuevo
Caribe,8,Atlántico,8.634,Sabanagrande
Caribe,8,Atlántico,8.638,Sabanalarga
Caribe,8,Atlántico,8.675,Santa Lucía
Caribe,8,Atlántico,8.685,Santo Tomás
Caribe,8,Atlántico,8.758,Soledad
Caribe,8,Atlántico,8.77,Suan
Caribe,8,Atlántico,8.832,Tubará
Caribe,8,Atlántico,8.849,Usiacurí
Caribe,13,Bolívar,13.006,Achí
Caribe,13,Bolívar,13.042,Arenal
Caribe,13,Bolívar,13.052,Arjona
Caribe,13,Bolívar,13.062,Arroyohondo
Caribe,13,Bolívar,13.14,Calamar
Caribe,13,Bolívar,13.16,Cantagallo
Caribe,13,Bolívar,13.188,Cicuco
Caribe,13,Bolívar,13.212,Córdoba
Caribe,13,Bolívar,13.222,Clemencia
Caribe,13,Bolívar,13.248,El Guamo
Caribe,13,Bolívar,13.43,Magangué
Caribe,13,Bolívar,13.433,Mahates
Caribe,13,Bolívar,13.44,Margarita
Caribe,13,Bolívar,13.458,Montecristo
Caribe,13,Bolívar,13.468,Mompós
Caribe,13,Bolívar,13.473,Morales
Caribe,13,Bolívar,13.49,Norosí
Caribe,13,Bolívar,13.549,Pinillos
Caribe,13,Bolívar,13.58,Regidor
Caribe,13,Bolívar,13.6,Río Viejo
Caribe,13,Bolívar,13.647,San Estanislao
Caribe,13,Bolívar,13.65,San Fernando
Caribe,13,Bolívar,13.657,San Juan Nepomuceno
Caribe,13,Bolívar,13.673,Santa Catalina
Caribe,13,Bolívar,13.683,Santa Rosa
Caribe,13,Bolívar,13.744,Simití
Caribe,13,Bolívar,13.76,Soplaviento
Caribe,13,Bolívar,13.78,Talaigua Nuevo
Caribe,13,Bolívar,13.81,Tiquisio
Caribe,13,Bolívar,13.836,Turbaco
Caribe,13,Bolívar,13.838,Turbaná
Caribe,13,Bolívar,13.873,Villanueva
Centro Oriente,15,Boyacá,15.001,Tunja
Centro Oriente,15,Boyacá,15.022,Almeida
Centro Oriente,15,Boyacá,15.047,Aquitania
Centro Oriente,15,Boyacá,15.051,Arcabuco
Centro Oriente,15,Boyacá,15.09,Berbeo
Centro Oriente,15,Boyacá,15.092,Betéitiva
Centro Oriente,15,Boyacá,15.097,Boavita
Centro Oriente,15,Boyacá,15.104,Boyacá
Centro Oriente,15,Boyacá,15.106,Briceño
Centro Oriente,15,Boyacá,15.109,Buena Vista
Centro Oriente,15,Boyacá,15.114,Busbanzá
Centro Oriente,15,Boyacá,15.131,Caldas
Centro Oriente,15,Boyacá,15.135,Campohermoso
Centro Oriente,15,Boyacá,15.162,Cerinza
Centro Oriente,15,Boyacá,15.172,Chinavita
Centro Oriente,15,Boyacá,15.176,Chiquinquirá
Centro Oriente,15,Boyacá,15.18,Chiscas
Centro Oriente,15,Boyacá,15.183,Chita
Centro Oriente,15,Boyacá,15.185,Chitaraque
Centro Oriente,15,Boyacá,15.187,Chivatá
Centro Oriente,15,Boyacá,15.204,Cómbita
Centro Oriente,15,Boyacá,15.212,Coper
Centro Oriente,15,Boyacá,15.215,Corrales
Centro Oriente,15,Boyacá,15.218,Covarachía
Centro Oriente,15,Boyacá,15.223,Cubará
Centro Oriente,15,Boyacá,15.224,Cucaita
Centro Oriente,15,Boyacá,15.226,Cuítiva
Centro Oriente,15,Boyacá,15.232,Chíquiza
Centro Oriente,15,Boyacá,15.236,Chivor
Centro Oriente,15,Boyacá,15.238,Duitama
Centro Oriente,15,Boyacá,15.244,El Cocuy
Centro Oriente,15,Boyacá,15.248,El Espino
Centro Oriente,15,Boyacá,15.272,Firavitoba
Centro Oriente,15,Boyacá,15.276,Floresta
Centro Oriente,15,Boyacá,15.293,Gachantivá
Centro Oriente,15,Boyacá,15.296,Gameza
Centro Oriente,15,Boyacá,15.299,Garagoa
Centro Oriente,15,Boyacá,15.317,Guacamayas
Centro Oriente,15,Boyacá,15.322,Guateque
Centro Oriente,15,Boyacá,15.325,Guayatá
Centro Oriente,15,Boyacá,15.332,Güicán
Centro Oriente,15,Boyacá,15.362,Iza
Centro Oriente,15,Boyacá,15.367,Jenesano
Centro Oriente,15,Boyacá,15.368,Jericó
Centro Oriente,15,Boyacá,15.377,Labranzagrande
Centro Oriente,15,Boyacá,15.38,La Capilla
Centro Oriente,15,Boyacá,15.401,La Victoria
Centro Oriente,15,Boyacá,15.425,Macanal
Centro Oriente,15,Boyacá,15.442,Maripí
Centro Oriente,15,Boyacá,15.455,Miraflores
Centro Oriente,15,Boyacá,15.464,Mongua
Centro Oriente,15,Boyacá,15.466,Monguí
Centro Oriente,15,Boyacá,15.469,Moniquirá
Centro Oriente,15,Boyacá,15.48,Muzo
Centro Oriente,15,Boyacá,15.491,Nobsa
Centro Oriente,15,Boyacá,15.494,Nuevo Colón
Centro Oriente,15,Boyacá,15.5,Oicatá
Centro Oriente,15,Boyacá,15.507,Otanche
Centro Oriente,15,Boyacá,15.511,Pachavita
Centro Oriente,15,Boyacá,15.514,Páez
Centro Oriente,15,Boyacá,15.516,Paipa
Centro Oriente,15,Boyacá,15.518,Pajarito
Centro Oriente,15,Boyacá,15.522,Panqueba
Centro Oriente,15,Boyacá,15.531,Pauna
Centro Oriente,15,Boyacá,15.533,Paya
Centro Oriente,15,Boyacá,15.542,Pesca
Centro Oriente,15,Boyacá,15.55,Pisba
Centro Oriente,15,Boyacá,15.572,Puerto Boyacá
Centro Oriente,15,Boyacá,15.58,Quípama
Centro Oriente,15,Boyacá,15.599,Ramiriquí
Centro Oriente,15,Boyacá,15.6,Ráquira
Centro Oriente,15,Boyacá,15.621,Rondón
Centro Oriente,15,Boyacá,15.632,Saboyá
Centro Oriente,15,Boyacá,15.638,Sáchica
Centro Oriente,15,Boyacá,15.646,Samacá
Centro Oriente,15,Boyacá,15.66,San Eduardo
Centro Oriente,15,Boyacá,15.673,San Mateo
Centro Oriente,15,Boyacá,15.686,Santana
Centro Oriente,15,Boyacá,15.69,Santa María
Centro Oriente,15,Boyacá,15.696,Santa Sofía
Centro Oriente,15,Boyacá,15.72,Sativanorte
Centro Oriente,15,Boyacá,15.723,Sativasur
Centro Oriente,15,Boyacá,15.74,Siachoque
Centro Oriente,15,Boyacá,15.753,Soatá
Centro Oriente,15,Boyacá,15.755,Socotá
Centro Oriente,15,Boyacá,15.757,Socha
Centro Oriente,15,Boyacá,15.759,Sogamoso
Centro Oriente,15,Boyacá,15.761,Somondoco
Centro Oriente,15,Boyacá,15.762,Sora
Centro Oriente,15,Boyacá,15.763,Sotaquirá
Centro Oriente,15,Boyacá,15.764,Soracá
Centro Oriente,15,Boyacá,15.774,Susacón
Centro Oriente,15,Boyacá,15.776,Sutamarchán
Centro Oriente,15,Boyacá,15.778,Sutatenza
Centro Oriente,15,Boyacá,15.79,Tasco
Centro Oriente,15,Boyacá,15.798,Tenza
Centro Oriente,15,Boyacá,15.804,Tibaná
Centro Oriente,15,Boyacá,15.808,Tinjacá
Centro Oriente,15,Boyacá,15.81,Tipacoque
Centro Oriente,15,Boyacá,15.814,Toca
Centro Oriente,15,Boyacá,15.82,Tópaga
Centro Oriente,15,Boyacá,15.822,Tota
Centro Oriente,15,Boyacá,15.835,Turmequé
Centro Oriente,15,Boyacá,15.839,Tutazá
Centro Oriente,15,Boyacá,15.842,Umbita
Centro Oriente,15,Boyacá,15.861,Ventaquemada
Centro Oriente,15,Boyacá,15.879,Viracachá
Centro Oriente,15,Boyacá,15.897,Zetaquira
Eje Cafetero - Antioquia,17,Caldas,17.001,Manizales
Eje Cafetero - Antioquia,17,Caldas,17.013,Aguadas
Eje Cafetero - Antioquia,17,Caldas,17.042,Anserma
Eje Cafetero - Antioquia,17,Caldas,17.05,Aranzazu
Eje Cafetero - Antioquia,17,Caldas,17.088,Belalcázar
Eje Cafetero - Antioquia,17,Caldas,17.174,Chinchiná
Eje Cafetero - Antioquia,17,Caldas,17.272,Filadelfia
Eje Cafetero - Antioquia,17,Caldas,17.38,La Dorada
Eje Cafetero - Antioquia,17,Caldas,17.388,La Merced
Eje Cafetero - Antioquia,17,Caldas,17.433,Manzanares
Eje Cafetero - Antioquia,17,Caldas,17.442,Marmato
Eje Cafetero - Antioquia,17,Caldas,17.446,Marulanda
Eje Cafetero - Antioquia,17,Caldas,17.486,Neira
Eje Cafetero - Antioquia,17,Caldas,17.495,Norcasia
Eje Cafetero - Antioquia,17,Caldas,17.513,Pácora
Eje Cafetero - Antioquia,17,Caldas,17.524,Palestina
Eje Cafetero - Antioquia,17,Caldas,17.541,Pensilvania
Eje Cafetero - Antioquia,17,Caldas,17.614,Riosucio
Eje Cafetero - Antioquia,17,Caldas,17.616,Risaralda
Eje Cafetero - Antioquia,17,Caldas,17.653,Salamina
Eje Cafetero - Antioquia,17,Caldas,17.662,Samaná
Eje Cafetero - Antioquia,17,Caldas,17.665,San José
Eje Cafetero - Antioquia,17,Caldas,17.777,Supía
Eje Cafetero - Antioquia,17,Caldas,17.867,Victoria
Eje Cafetero - Antioquia,17,Caldas,17.873,Villamaría
Eje Cafetero - Antioquia,17,Caldas,17.877,Viterbo
Centro Sur,18,Caquetá,18.001,Florencia
Centro Sur,18,Caquetá,18.029,Albania
Centro Sur,18,Caquetá,18.205,Curillo
Centro Sur,18,Caquetá,18.247,El Doncello
Centro Sur,18,Caquetá,18.256,El Paujil
Centro Sur,18,Caquetá,18.479,Morelia
Centro Sur,18,Caquetá,18.592,Puerto Rico
Centro Sur,18,Caquetá,18.756,Solano
Centro Sur,18,Caquetá,18.785,Solita
Centro Sur,18,Caquetá,18.86,Valparaíso
Pacífico,19,Cauca,19.001,Popayán
Pacífico,19,Cauca,19.022,Almaguer
Pacífico,19,Cauca,19.05,Argelia
Pacífico,19,Cauca,19.075,Balboa
Pacífico,19,Cauca,19.1,Bolívar
Pacífico,19,Cauca,19.11,Buenos Aires
Pacífico,19,Cauca,19.13,Cajibío
Pacífico,19,Cauca,19.137,Caldono
Pacífico,19,Cauca,19.142,Caloto
Pacífico,19,Cauca,19.212,Corinto
Pacífico,19,Cauca,19.256,El Tambo
Pacífico,19,Cauca,19.29,Florencia
Pacífico,19,Cauca,19.3,Guachené
Pacífico,19,Cauca,19.318,Guapi
Pacífico,19,Cauca,19.355,Inzá
Pacífico,19,Cauca,19.364,Jambaló
Pacífico,19,Cauca,19.392,La Sierra
Pacífico,19,Cauca,19.397,La Vega
Pacífico,19,Cauca,19.418,López
Pacífico,19,Cauca,19.45,Mercaderes
Pacífico,19,Cauca,19.455,Miranda
Pacífico,19,Cauca,19.473,Morales
Pacífico,19,Cauca,19.513,Padilla
Pacífico,19,Cauca,19.532,Patía
Pacífico,19,Cauca,19.533,Piamonte
Pacífico,19,Cauca,19.548,Piendamó
Pacífico,19,Cauca,19.573,Puerto Tejada
Pacífico,19,Cauca,19.585,Puracé
Pacífico,19,Cauca,19.622,Rosas
Pacífico,19,Cauca,19.701,Santa Rosa
Pacífico,19,Cauca,19.743,Silvia
Pacífico,19,Cauca,19.76,Sotara
Pacífico,19,Cauca,19.78,Suárez
Pacífico,19,Cauca,19.785,Sucre
Pacífico,19,Cauca,19.807,Timbío
Pacífico,19,Cauca,19.809,Timbiquí
Pacífico,19,Cauca,19.821,Toribio
Pacífico,19,Cauca,19.824,Totoró
Pacífico,19,Cauca,19.845,Villa Rica
Caribe,20,Cesar,20.001,Valledupar
Caribe,20,Cesar,20.011,Aguachica
Caribe,20,Cesar,20.013,Agustín Codazzi
Caribe,20,Cesar,20.032,Astrea
Caribe,20,Cesar,20.045,Becerril
Caribe,20,Cesar,20.06,Bosconia
Caribe,20,Cesar,20.175,Chimichagua
Caribe,20,Cesar,20.178,Chiriguaná
Caribe,20,Cesar,20.228,Curumaní
Caribe,20,Cesar,20.238,El Copey
Caribe,20,Cesar,20.25,El Paso
Caribe,20,Cesar,20.295,Gamarra
Caribe,20,Cesar,20.31,González
Caribe,20,Cesar,20.383,La Gloria
Caribe,20,Cesar,20.443,Manaure
Caribe,20,Cesar,20.517,Pailitas
Caribe,20,Cesar,20.55,Pelaya
Caribe,20,Cesar,20.57,Pueblo Bello
Caribe,20,Cesar,20.621,La Paz
Caribe,20,Cesar,20.71,San Alberto
Caribe,20,Cesar,20.75,San Diego
Caribe,20,Cesar,20.77,San Martín
Caribe,20,Cesar,20.787,Tamalameque
Caribe,23,Córdoba,23.001,Montería
Caribe,23,Córdoba,23.068,Ayapel
Caribe,23,Córdoba,23.079,Buenavista
Caribe,23,Córdoba,23.09,Canalete
Caribe,23,Córdoba,23.162,Cereté
Caribe,23,Córdoba,23.168,Chimá
Caribe,23,Córdoba,23.182,Chinú
Caribe,23,Córdoba,23.3,Cotorra
Caribe,23,Córdoba,23.417,Lorica
Caribe,23,Córdoba,23.419,Los Córdobas
Caribe,23,Córdoba,23.464,Momil
Caribe,23,Córdoba,23.5,Moñitos
Caribe,23,Córdoba,23.555,Planeta Rica
Caribe,23,Córdoba,23.57,Pueblo Nuevo
Caribe,23,Córdoba,23.574,Puerto Escondido
Caribe,23,Córdoba,23.586,Purísima
Caribe,23,Córdoba,23.66,Sahagún
Caribe,23,Córdoba,23.67,San Andrés Sotavento
Caribe,23,Córdoba,23.672,San Antero
Caribe,23,Córdoba,23.686,San Pelayo
Caribe,23,Córdoba,23.807,Tierralta
Caribe,23,Córdoba,23.815,Tuchín
Caribe,23,Córdoba,23.855,Valencia
Centro Oriente,25,Cundinamarca,25.035,Anapoima
Centro Oriente,25,Cundinamarca,25.053,Arbeláez
Centro Oriente,25,Cundinamarca,25.086,Beltrán
Centro Oriente,25,Cundinamarca,25.095,Bituima
Centro Oriente,25,Cundinamarca,25.099,Bojacá
Centro Oriente,25,Cundinamarca,25.12,Cabrera
Centro Oriente,25,Cundinamarca,25.123,Cachipay
Centro Oriente,25,Cundinamarca,25.126,Cajicá
Centro Oriente,25,Cundinamarca,25.148,Caparrapí
Centro Oriente,25,Cundinamarca,25.151,Caqueza
Centro Oriente,25,Cundinamarca,25.168,Chaguaní
Centro Oriente,25,Cundinamarca,25.178,Chipaque
Centro Oriente,25,Cundinamarca,25.181,Choachí
Centro Oriente,25,Cundinamarca,25.183,Chocontá
Centro Oriente,25,Cundinamarca,25.2,Cogua
Centro Oriente,25,Cundinamarca,25.214,Cota
Centro Oriente,25,Cundinamarca,25.224,Cucunubá
Centro Oriente,25,Cundinamarca,25.245,El Colegio
Centro Oriente,25,Cundinamarca,25.26,El Rosal
Centro Oriente,25,Cundinamarca,25.279,Fomeque
Centro Oriente,25,Cundinamarca,25.281,Fosca
Centro Oriente,25,Cundinamarca,25.286,Funza
Centro Oriente,25,Cundinamarca,25.288,Fúquene
Centro Oriente,25,Cundinamarca,25.293,Gachala
Centro Oriente,25,Cundinamarca,25.295,Gachancipá
Centro Oriente,25,Cundinamarca,25.297,Gachetá
Centro Oriente,25,Cundinamarca,25.307,Girardot
Centro Oriente,25,Cundinamarca,25.312,Granada
Centro Oriente,25,Cundinamarca,25.317,Guachetá
Centro Oriente,25,Cundinamarca,25.32,Guaduas
Centro Oriente,25,Cundinamarca,25.322,Guasca
Centro Oriente,25,Cundinamarca,25.324,Guataquí
Centro Oriente,25,Cundinamarca,25.326,Guatavita
Centro Oriente,25,Cundinamarca,25.335,Guayabetal
Centro Oriente,25,Cundinamarca,25.339,Gutiérrez
Centro Oriente,25,Cundinamarca,25.368,Jerusalén
Centro Oriente,25,Cundinamarca,25.372,Junín
Centro Oriente,25,Cundinamarca,25.377,La Calera
Centro Oriente,25,Cundinamarca,25.386,La Mesa
Centro Oriente,25,Cundinamarca,25.394,La Palma
Centro Oriente,25,Cundinamarca,25.398,La Peña
Centro Oriente,25,Cundinamarca,25.402,La Vega
Centro Oriente,25,Cundinamarca,25.407,Lenguazaque
Centro Oriente,25,Cundinamarca,25.426,Macheta
Centro Oriente,25,Cundinamarca,25.43,Madrid
Centro Oriente,25,Cundinamarca,25.436,Manta
Centro Oriente,25,Cundinamarca,25.438,Medina
Centro Oriente,25,Cundinamarca,25.473,Mosquera
Centro Oriente,25,Cundinamarca,25.483,Nariño
Centro Oriente,25,Cundinamarca,25.486,Nemocón
Centro Oriente,25,Cundinamarca,25.488,Nilo
Centro Oriente,25,Cundinamarca,25.489,Nimaima
Centro Oriente,25,Cundinamarca,25.491,Nocaima
Centro Oriente,25,Cundinamarca,25.506,Venecia
Centro Oriente,25,Cundinamarca,25.513,Pacho
Centro Oriente,25,Cundinamarca,25.518,Paime
Centro Oriente,25,Cundinamarca,25.524,Pandi
Centro Oriente,25,Cundinamarca,25.53,Paratebueno
Centro Oriente,25,Cundinamarca,25.535,Pasca
Centro Oriente,25,Cundinamarca,25.572,Puerto Salgar
Centro Oriente,25,Cundinamarca,25.58,Pulí
Centro Oriente,25,Cundinamarca,25.592,Quebradanegra
Centro Oriente,25,Cundinamarca,25.594,Quetame
Centro Oriente,25,Cundinamarca,25.596,Quipile
Centro Oriente,25,Cundinamarca,25.599,Apulo
Centro Oriente,25,Cundinamarca,25.612,Ricaurte
Centro Oriente,25,Cundinamarca,25.649,San Bernardo
Centro Oriente,25,Cundinamarca,25.653,San Cayetano
Centro Oriente,25,Cundinamarca,25.658,San Francisco
Centro Oriente,25,Cundinamarca,25.736,Sesquilé
Centro Oriente,25,Cundinamarca,25.74,Sibaté
Centro Oriente,25,Cundinamarca,25.743,Silvania
Centro Oriente,25,Cundinamarca,25.745,Simijaca
Centro Oriente,25,Cundinamarca,25.754,Soacha
Centro Oriente,25,Cundinamarca,25.769,Subachoque
Centro Oriente,25,Cundinamarca,25.772,Suesca
Centro Oriente,25,Cundinamarca,25.777,Supatá
Centro Oriente,25,Cundinamarca,25.779,Susa
Centro Oriente,25,Cundinamarca,25.781,Sutatausa
Centro Oriente,25,Cundinamarca,25.785,Tabio
Centro Oriente,25,Cundinamarca,25.793,Tausa
Centro Oriente,25,Cundinamarca,25.797,Tena
Centro Oriente,25,Cundinamarca,25.799,Tenjo
Centro Oriente,25,Cundinamarca,25.805,Tibacuy
Centro Oriente,25,Cundinamarca,25.807,Tibirita
Centro Oriente,25,Cundinamarca,25.815,Tocaima
Centro Oriente,25,Cundinamarca,25.817,Tocancipá
Centro Oriente,25,Cundinamarca,25.823,Topaipí
Centro Oriente,25,Cundinamarca,25.839,Ubalá
Centro Oriente,25,Cundinamarca,25.841,Ubaque
Centro Oriente,25,Cundinamarca,25.845,Une
Centro Oriente,25,Cundinamarca,25.851,Útica
Centro Oriente,25,Cundinamarca,25.867,Vianí
Centro Oriente,25,Cundinamarca,25.871,Villagómez
Centro Oriente,25,Cundinamarca,25.873,Villapinzón
Centro Oriente,25,Cundinamarca,25.875,Villeta
Centro Oriente,25,Cundinamarca,25.878,Viotá
Centro Oriente,25,Cundinamarca,25.898,Zipacón
Pacífico,27,Chocó,27.001,Quibdó
Pacífico,27,Chocó,27.006,Acandí
Pacífico,27,Chocó,27.025,Alto Baudo
Pacífico,27,Chocó,27.05,Atrato
Pacífico,27,Chocó,27.073,Bagadó
Pacífico,27,Chocó,27.075,Bahía Solano
Pacífico,27,Chocó,27.077,Bajo Baudó
Pacífico,27,Chocó,27.099,Bojaya
Pacífico,27,Chocó,27.16,Cértegui
Pacífico,27,Chocó,27.205,Condoto
Pacífico,27,Chocó,27.372,Juradó
Pacífico,27,Chocó,27.413,Lloró
Pacífico,27,Chocó,27.425,Medio Atrato
Pacífico,27,Chocó,27.43,Medio Baudó
Pacífico,27,Chocó,27.45,Medio San Juan
Pacífico,27,Chocó,27.491,Nóvita
Pacífico,27,Chocó,27.495,Nuquí
Pacífico,27,Chocó,27.58,Río Iro
Pacífico,27,Chocó,27.6,Río Quito
Pacífico,27,Chocó,27.615,Riosucio
Pacífico,27,Chocó,27.745,Sipí
Pacífico,27,Chocó,27.8,Unguía
Centro Sur,41,Huila,41.001,Neiva
Centro Sur,41,Huila,41.006,Acevedo
Centro Sur,41,Huila,41.013,Agrado
Centro Sur,41,Huila,41.016,Aipe
Centro Sur,41,Huila,41.02,Algeciras
Centro Sur,41,Huila,41.026,Altamira
Centro Sur,41,Huila,41.078,Baraya
Centro Sur,41,Huila,41.132,Campoalegre
Centro Sur,41,Huila,41.206,Colombia
Centro Sur,41,Huila,41.244,Elías
Centro Sur,41,Huila,41.298,Garzón
Centro Sur,41,Huila,41.306,Gigante
Centro Sur,41,Huila,41.319,Guadalupe
Centro Sur,41,Huila,41.349,Hobo
Centro Sur,41,Huila,41.357,Iquira
Centro Sur,41,Huila,41.359,Isnos
Centro Sur,41,Huila,41.378,La Argentina
Centro Sur,41,Huila,41.396,La Plata
Centro Sur,41,Huila,41.483,Nátaga
Centro Sur,41,Huila,41.503,Oporapa
Centro Sur,41,Huila,41.518,Paicol
Centro Sur,41,Huila,41.524,Palermo
Centro Sur,41,Huila,41.53,Palestina
Centro Sur,41,Huila,41.548,Pital
Centro Sur,41,Huila,41.551,Pitalito
Centro Sur,41,Huila,41.615,Rivera
Centro Sur,41,Huila,41.66,Saladoblanco
Centro Sur,41,Huila,41.676,Santa María
Centro Sur,41,Huila,41.77,Suaza
Centro Sur,41,Huila,41.791,Tarqui
Centro Sur,41,Huila,41.797,Tesalia
Centro Sur,41,Huila,41.799,Tello
Centro Sur,41,Huila,41.801,Teruel
Centro Sur,41,Huila,41.807,Timaná
Centro Sur,41,Huila,41.872,Villavieja
Centro Sur,41,Huila,41.885,Yaguará
Caribe,44,La Guajira,44.001,Riohacha
Caribe,44,La Guajira,44.035,Albania
Caribe,44,La Guajira,44.078,Barrancas
Caribe,44,La Guajira,44.09,Dibula
Caribe,44,La Guajira,44.098,Distracción
Caribe,44,La Guajira,44.11,El Molino
Caribe,44,La Guajira,44.279,Fonseca
Caribe,44,La Guajira,44.378,Hatonuevo
Caribe,44,La Guajira,44.43,Maicao
Caribe,44,La Guajira,44.56,Manaure
Caribe,44,La Guajira,44.847,Uribia
Caribe,44,La Guajira,44.855,Urumita
Caribe,44,La Guajira,44.874,Villanueva
Caribe,47,Magdalena,47.001,Santa Marta
Caribe,47,Magdalena,47.03,Algarrobo
Caribe,47,Magdalena,47.053,Aracataca
Caribe,47,Magdalena,47.058,Ariguaní
Caribe,47,Magdalena,47.161,Cerro San Antonio
Caribe,47,Magdalena,47.17,Chivolo
Caribe,47,Magdalena,47.205,Concordia
Caribe,47,Magdalena,47.245,El Banco
Caribe,47,Magdalena,47.258,El Piñon
Caribe,47,Magdalena,47.268,El Retén
Caribe,47,Magdalena,47.288,Fundación
Caribe,47,Magdalena,47.318,Guamal
Caribe,47,Magdalena,47.46,Nueva Granada
Caribe,47,Magdalena,47.541,Pedraza
Caribe,47,Magdalena,47.551,Pivijay
Caribe,47,Magdalena,47.555,Plato
Caribe,47,Magdalena,47.605,Remolino
Caribe,47,Magdalena,47.675,Salamina
Caribe,47,Magdalena,47.703,San Zenón
Caribe,47,Magdalena,47.707,Santa Ana
Caribe,47,Magdalena,47.745,Sitionuevo
Caribe,47,Magdalena,47.798,Tenerife
Caribe,47,Magdalena,47.96,Zapayán
Caribe,47,Magdalena,47.98,Zona Bananera
Llano,50,Meta,50.001,Villavicencio
Llano,50,Meta,50.006,Acacias
Llano,50,Meta,50.124,Cabuyaro
Llano,50,Meta,50.223,Cubarral
Llano,50,Meta,50.226,Cumaral
Llano,50,Meta,50.245,El Calvario
Llano,50,Meta,50.251,El Castillo
Llano,50,Meta,50.27,El Dorado
Llano,50,Meta,50.313,Granada
Llano,50,Meta,50.318,Guamal
Llano,50,Meta,50.325,Mapiripán
Llano,50,Meta,50.33,Mesetas
Llano,50,Meta,50.35,La Macarena
Llano,50,Meta,50.4,Lejanías
Llano,50,Meta,50.45,Puerto Concordia
Llano,50,Meta,50.568,Puerto Gaitán
Llano,50,Meta,50.573,Puerto López
Llano,50,Meta,50.577,Puerto Lleras
Llano,50,Meta,50.59,Puerto Rico
Llano,50,Meta,50.606,Restrepo
Llano,50,Meta,50.686,San Juanito
Llano,50,Meta,50.689,San Martín
Llano,50,Meta,50.711,Vista Hermosa
Pacífico,52,Nariño,52.001,Pasto
Pacífico,52,Nariño,52.019,Albán
Pacífico,52,Nariño,52.022,Aldana
Pacífico,52,Nariño,52.036,Ancuyá
Pacífico,52,Nariño,52.079,Barbacoas
Pacífico,52,Nariño,52.203,Colón
Pacífico,52,Nariño,52.207,Consaca
Pacífico,52,Nariño,52.21,Contadero
Pacífico,52,Nariño,52.215,Córdoba
Pacífico,52,Nariño,52.224,Cuaspud
Pacífico,52,Nariño,52.227,Cumbal
Pacífico,52,Nariño,52.233,Cumbitara
Pacífico,52,Nariño,52.25,El Charco
Pacífico,52,Nariño,52.254,El Peñol
Pacífico,52,Nariño,52.256,El Rosario
Pacífico,52,Nariño,52.26,El Tambo
Pacífico,52,Nariño,52.287,Funes
Pacífico,52,Nariño,52.317,Guachucal
Pacífico,52,Nariño,52.32,Guaitarilla
Pacífico,52,Nariño,52.323,Gualmatán
Pacífico,52,Nariño,52.352,Iles
Pacífico,52,Nariño,52.354,Imués
Pacífico,52,Nariño,52.356,Ipiales
Pacífico,52,Nariño,52.378,La Cruz
Pacífico,52,Nariño,52.381,La Florida
Pacífico,52,Nariño,52.385,La Llanada
Pacífico,52,Nariño,52.39,La Tola
Pacífico,52,Nariño,52.399,La Unión
Pacífico,52,Nariño,52.405,Leiva
Pacífico,52,Nariño,52.411,Linares
Pacífico,52,Nariño,52.418,Los Andes
Pacífico,52,Nariño,52.427,Magüí
Pacífico,52,Nariño,52.435,Mallama
Pacífico,52,Nariño,52.473,Mosquera
Pacífico,52,Nariño,52.48,Nariño
Pacífico,52,Nariño,52.49,Olaya Herrera
Pacífico,52,Nariño,52.506,Ospina
Pacífico,52,Nariño,52.52,Francisco Pizarro
Pacífico,52,Nariño,52.54,Policarpa
Pacífico,52,Nariño,52.56,Potosí
Pacífico,52,Nariño,52.565,Providencia
Pacífico,52,Nariño,52.573,Puerres
Pacífico,52,Nariño,52.585,Pupiales
Pacífico,52,Nariño,52.612,Ricaurte
Pacífico,52,Nariño,52.621,Roberto Payán
Pacífico,52,Nariño,52.678,Samaniego
Pacífico,52,Nariño,52.683,Sandoná
Pacífico,52,Nariño,52.685,San Bernardo
Pacífico,52,Nariño,52.687,San Lorenzo
Pacífico,52,Nariño,52.693,San Pablo
Pacífico,52,Nariño,52.696,Santa Bárbara
Pacífico,52,Nariño,52.72,Sapuyes
Pacífico,52,Nariño,52.786,Taminango
Pacífico,52,Nariño,52.788,Tangua
Pacífico,52,Nariño,52.838,Túquerres
Pacífico,52,Nariño,52.885,Yacuanquer
Eje Cafetero - Antioquia,63,Quindío,63.001,Armenia
Eje Cafetero - Antioquia,63,Quindío,63.111,Buenavista
Eje Cafetero - Antioquia,63,Quindío,63.19,Circasia
Eje Cafetero - Antioquia,63,Quindío,63.212,Córdoba
Eje Cafetero - Antioquia,63,Quindío,63.272,Filandia
Eje Cafetero - Antioquia,63,Quindío,63.401,La Tebaida
Eje Cafetero - Antioquia,63,Quindío,63.47,Montenegro
Eje Cafetero - Antioquia,63,Quindío,63.548,Pijao
Eje Cafetero - Antioquia,63,Quindío,63.594,Quimbaya
Eje Cafetero - Antioquia,63,Quindío,63.69,Salento
Eje Cafetero - Antioquia,66,Risaralda,66.001,Pereira
Eje Cafetero - Antioquia,66,Risaralda,66.045,Apía
Eje Cafetero - Antioquia,66,Risaralda,66.075,Balboa
Eje Cafetero - Antioquia,66,Risaralda,66.17,Dosquebradas
Eje Cafetero - Antioquia,66,Risaralda,66.318,Guática
Eje Cafetero - Antioquia,66,Risaralda,66.383,La Celia
Eje Cafetero - Antioquia,66,Risaralda,66.4,La Virginia
Eje Cafetero - Antioquia,66,Risaralda,66.44,Marsella
Eje Cafetero - Antioquia,66,Risaralda,66.456,Mistrató
Eje Cafetero - Antioquia,66,Risaralda,66.572,Pueblo Rico
Eje Cafetero - Antioquia,66,Risaralda,66.594,Quinchía
Eje Cafetero - Antioquia,66,Risaralda,66.687,Santuario
Centro Oriente,68,Santander,68.001,Bucaramanga
Centro Oriente,68,Santander,68.013,Aguada
Centro Oriente,68,Santander,68.02,Albania
Centro Oriente,68,Santander,68.051,Aratoca
Centro Oriente,68,Santander,68.077,Barbosa
Centro Oriente,68,Santander,68.079,Barichara
Centro Oriente,68,Santander,68.081,Barrancabermeja
Centro Oriente,68,Santander,68.092,Betulia
Centro Oriente,68,Santander,68.101,Bolívar
Centro Oriente,68,Santander,68.121,Cabrera
Centro Oriente,68,Santander,68.132,California
Centro Oriente,68,Santander,68.152,Carcasí
Centro Oriente,68,Santander,68.16,Cepitá
Centro Oriente,68,Santander,68.162,Cerrito
Centro Oriente,68,Santander,68.167,Charalá
Centro Oriente,68,Santander,68.169,Charta
Centro Oriente,68,Santander,68.179,Chipatá
Centro Oriente,68,Santander,68.19,Cimitarra
Centro Oriente,68,Santander,68.207,Concepción
Centro Oriente,68,Santander,68.209,Confines
Centro Oriente,68,Santander,68.211,Contratación
Centro Oriente,68,Santander,68.217,Coromoro
Centro Oriente,68,Santander,68.229,Curití
Centro Oriente,68,Santander,68.245,El Guacamayo
Centro Oriente,68,Santander,68.255,El Playón
Centro Oriente,68,Santander,68.264,Encino
Centro Oriente,68,Santander,68.266,Enciso
Centro Oriente,68,Santander,68.271,Florián
Centro Oriente,68,Santander,68.276,Floridablanca
Centro Oriente,68,Santander,68.296,Galán
Centro Oriente,68,Santander,68.298,Gambita
Centro Oriente,68,Santander,68.307,Girón
Centro Oriente,68,Santander,68.318,Guaca
Centro Oriente,68,Santander,68.32,Guadalupe
Centro Oriente,68,Santander,68.322,Guapotá
Centro Oriente,68,Santander,68.324,Guavatá
Centro Oriente,68,Santander,68.327,Güepsa
Centro Oriente,68,Santander,68.368,Jesús María
Centro Oriente,68,Santander,68.37,Jordán
Centro Oriente,68,Santander,68.377,La Belleza
Centro Oriente,68,Santander,68.385,Landázuri
Centro Oriente,68,Santander,68.397,La Paz
Centro Oriente,68,Santander,68.406,Lebríja
Centro Oriente,68,Santander,68.418,Los Santos
Centro Oriente,68,Santander,68.425,Macaravita
Centro Oriente,68,Santander,68.432,Málaga
Centro Oriente,68,Santander,68.444,Matanza
Centro Oriente,68,Santander,68.464,Mogotes
Centro Oriente,68,Santander,68.468,Molagavita
Centro Oriente,68,Santander,68.498,Ocamonte
Centro Oriente,68,Santander,68.5,Oiba
Centro Oriente,68,Santander,68.502,Onzaga
Centro Oriente,68,Santander,68.522,Palmar
Centro Oriente,68,Santander,68.533,Páramo
Centro Oriente,68,Santander,68.547,Piedecuesta
Centro Oriente,68,Santander,68.549,Pinchote
Centro Oriente,68,Santander,68.572,Puente Nacional
Centro Oriente,68,Santander,68.615,Rionegro
Centro Oriente,68,Santander,68.669,San Andrés
Centro Oriente,68,Santander,68.679,San Gil
Centro Oriente,68,Santander,68.682,San Joaquín
Centro Oriente,68,Santander,68.686,San Miguel
Centro Oriente,68,Santander,68.705,Santa Bárbara
Centro Oriente,68,Santander,68.745,Simacota
Centro Oriente,68,Santander,68.755,Socorro
Centro Oriente,68,Santander,68.77,Suaita
Centro Oriente,68,Santander,68.773,Sucre
Centro Oriente,68,Santander,68.78,Suratá
Centro Oriente,68,Santander,68.82,Tona
Centro Oriente,68,Santander,68.861,Vélez
Centro Oriente,68,Santander,68.867,Vetas
Centro Oriente,68,Santander,68.872,Villanueva
Centro Oriente,68,Santander,68.895,Zapatoca
Caribe,70,Sucre,70.001,Sincelejo
Caribe,70,Sucre,70.11,Buenavista
Caribe,70,Sucre,70.124,Caimito
Caribe,70,Sucre,70.204,Coloso
Caribe,70,Sucre,70.221,Coveñas
Caribe,70,Sucre,70.23,Chalán
Caribe,70,Sucre,70.233,El Roble
Caribe,70,Sucre,70.235,Galeras
Caribe,70,Sucre,70.265,Guaranda
Caribe,70,Sucre,70.4,La Unión
Caribe,70,Sucre,70.418,Los Palmitos
Caribe,70,Sucre,70.429,Majagual
Caribe,70,Sucre,70.473,Morroa
Caribe,70,Sucre,70.508,Ovejas
Caribe,70,Sucre,70.523,Palmito
Caribe,70,Sucre,70.678,San Benito Abad
Caribe,70,Sucre,70.708,San Marcos
Caribe,70,Sucre,70.713,San Onofre
Caribe,70,Sucre,70.717,San Pedro
Caribe,70,Sucre,70.771,Sucre
Caribe,70,Sucre,70.823,Tolú Viejo
Centro Sur,73,Tolima,73.024,Alpujarra
Centro Sur,73,Tolima,73.026,Alvarado
Centro Sur,73,Tolima,73.03,Ambalema
Centro Sur,73,Tolima,73.055,Armero
Centro Sur,73,Tolima,73.067,Ataco
Centro Sur,73,Tolima,73.124,Cajamarca
Centro Sur,73,Tolima,73.168,Chaparral
Centro Sur,73,Tolima,73.2,Coello
Centro Sur,73,Tolima,73.217,Coyaima
Centro Sur,73,Tolima,73.226,Cunday
Centro Sur,73,Tolima,73.236,Dolores
Centro Sur,73,Tolima,73.268,Espinal
Centro Sur,73,Tolima,73.27,Falan
Centro Sur,73,Tolima,73.275,Flandes
Centro Sur,73,Tolima,73.283,Fresno
Centro Sur,73,Tolima,73.319,Guamo
Centro Sur,73,Tolima,73.347,Herveo
Centro Sur,73,Tolima,73.349,Honda
Centro Sur,73,Tolima,73.352,Icononzo
Centro Sur,73,Tolima,73.443,Mariquita
Centro Sur,73,Tolima,73.449,Melgar
Centro Sur,73,Tolima,73.461,Murillo
Centro Sur,73,Tolima,73.483,Natagaima
Centro Sur,73,Tolima,73.504,Ortega
Centro Sur,73,Tolima,73.52,Palocabildo
Centro Sur,73,Tolima,73.547,Piedras
Centro Sur,73,Tolima,73.555,Planadas
Centro Sur,73,Tolima,73.563,Prado
Centro Sur,73,Tolima,73.585,Purificación
Centro Sur,73,Tolima,73.616,Rio Blanco
Centro Sur,73,Tolima,73.622,Roncesvalles
Centro Sur,73,Tolima,73.624,Rovira
Centro Sur,73,Tolima,73.671,Saldaña
Centro Sur,73,Tolima,73.686,Santa Isabel
Centro Sur,73,Tolima,73.861,Venadillo
Centro Sur,73,Tolima,73.87,Villahermosa
Centro Sur,73,Tolima,73.873,Villarrica
Llano,81,Arauca,81.065,Arauquita
Llano,81,Arauca,81.22,Cravo Norte
Llano,81,Arauca,81.3,Fortul
Llano,81,Arauca,81.591,Puerto Rondón
Llano,81,Arauca,81.736,Saravena
Llano,81,Arauca,81.794,Tame
Llano,81,Arauca,81.001,Arauca
Llano,85,Casanare,85.001,Yopal
Llano,85,Casanare,85.01,Aguazul
Llano,85,Casanare,85.015,Chámeza
Llano,85,Casanare,85.125,Hato Corozal
Llano,85,Casanare,85.136,La Salina
Llano,85,Casanare,85.162,Monterrey
Llano,85,Casanare,85.263,Pore
Llano,85,Casanare,85.279,Recetor
Llano,85,Casanare,85.3,Sabanalarga
Llano,85,Casanare,85.315,Sácama
Llano,85,Casanare,85.41,Tauramena
Llano,85,Casanare,85.43,Trinidad
Llano,85,Casanare,85.44,Villanueva
Centro Sur,86,Putumayo,86.001,Mocoa
Centro Sur,86,Putumayo,86.219,Colón
Centro Sur,86,Putumayo,86.32,Orito
Centro Sur,86,Putumayo,86.569,Puerto Caicedo
Centro Sur,86,Putumayo,86.571,Puerto Guzmán
Centro Sur,86,Putumayo,86.573,Leguízamo
Centro Sur,86,Putumayo,86.749,Sibundoy
Centro Sur,86,Putumayo,86.755,San Francisco
Centro Sur,86,Putumayo,86.757,San Miguel
Centro Sur,86,Putumayo,86.76,Santiago
Centro Sur,91,Amazonas,91.001,Leticia
Centro Sur,91,Amazonas,91.263,El Encanto
Centro Sur,91,Amazonas,91.405,La Chorrera
Centro Sur,91,Amazonas,91.407,La Pedrera
Centro Sur,91,Amazonas,91.43,La Victoria
Centro Sur,91,Amazonas,91.536,Puerto Arica
Centro Sur,91,Amazonas,91.54,Puerto Nariño
Centro Sur,91,Amazonas,91.669,Puerto Santander
Centro Sur,91,Amazonas,91.798,Tarapacá
Llano,94,Guainía,94.001,Inírida
Llano,94,Guainía,94.343,Barranco Minas
Llano,94,Guainía,94.663,Mapiripana
Llano,94,Guainía,94.883,San Felipe
Llano,94,Guainía,94.884,Puerto Colombia
Llano,94,Guainía,94.885,La Guadalupe
Llano,94,Guainía,94.886,Cacahual
Llano,94,Guainía,94.887,Pana Pana
Centro Sur,97,Vaupés,97.001,Mitú
Centro Sur,97,Vaupés,97.161,Carurú
Centro Sur,97,Vaupés,97.666,Taraira
Centro Sur,97,Vaupés,97.777,Papunahua
Centro Sur,97,Vaupés,97.889,Yavaraté
Centro Sur,97,Vaupés,97.511,Pacoa
Llano,94,Guainía,94.888,Morichal
Llano,99,Vichada,99.001,Puerto Carreño
Llano,99,Vichada,99.524,La Primavera
Llano,99,Vichada,99.624,Santa Rosalía
Llano,99,Vichada,99.773,Cumaribo
Centro Sur,18,Caquetá,18.61,San José del Fragua
Llano,50,Meta,50.11,Barranca de Upía
Centro Oriente,68,Santander,68.524,Palmas del Socorro
Centro Oriente,25,Cundinamarca,25.662,San Juan de Río Seco
Caribe,8,Atlántico,8.372,Juan de Acosta
Llano,50,Meta,50.287,Fuente de Oro
Llano,85,Casanare,85.325,San Luis de Gaceno
Pacífico,27,Chocó,27.25,El Litoral del San Juan
Centro Oriente,25,Cundinamarca,25.843,Villa de San Diego de Ubate
Caribe,13,Bolívar,13.074,Barranco de Loba
Centro Oriente,15,Boyacá,15.816,Togüí
Caribe,13,Bolívar,13.688,Santa Rosa del Sur
Pacífico,27,Chocó,27.135,El Cantón del San Pablo
Centro Oriente,15,Boyacá,15.407,Villa de Leyva
Caribe,47,Magdalena,47.692,San Sebastián de Buenavista
Centro Oriente,15,Boyacá,15.537,Paz de Río
Caribe,13,Bolívar,13.3,Hatillo de Loba
Caribe,47,Magdalena,47.66,Sabanas de San Angel
Llano,95,Guaviare,95.015,Calamar
Caribe,20,Cesar,20.614,Río de Oro
Eje Cafetero - Antioquia,5,Antioquia,5.665,San Pedro de Uraba
Llano,95,Guaviare,95.001,San José del Guaviare
Centro Oriente,15,Boyacá,15.693,Santa Rosa de Viterbo
Pacífico,19,Cauca,19.698,Santander de Quilichao
Llano,95,Guaviare,95.2,Miraflores
Eje Cafetero - Antioquia,5,Antioquia,5.042,Santafé de Antioquia
Llano,50,Meta,50.68,San Carlos de Guaroa
Caribe,8,Atlántico,8.52,Palmar de Varela
Eje Cafetero - Antioquia,5,Antioquia,5.686,Santa Rosa de Osos
Eje Cafetero - Antioquia,5,Antioquia,5.647,San Andrés de Cuerquía
Centro Sur,73,Tolima,73.854,Valle de San Juan
Centro Oriente,68,Santander,68.689,San Vicente de Chucurí
Centro Oriente,68,Santander,68.684,San José de Miranda
Caribe,88,"Archipiélago de San Andrés, Providencia y Santa Catalina",88.564,Providencia
Eje Cafetero - Antioquia,66,Risaralda,66.682,Santa Rosa de Cabal
Centro Oriente,25,Cundinamarca,25.328,Guayabal de Siquima
Centro Sur,18,Caquetá,18.094,Belén de Los Andaquies
Llano,85,Casanare,85.25,Paz de Ariporo
Centro Oriente,68,Santander,68.72,Santa Helena del Opón
Centro Oriente,15,Boyacá,15.681,San Pablo de Borbur
Caribe,44,La Guajira,44.42,La Jagua del Pilar
Caribe,20,Cesar,20.4,La Jagua de Ibirico
Caribe,70,Sucre,70.742,San Luis de Sincé
Centro Oriente,15,Boyacá,15.667,San Luis de Gaceno
Caribe,13,Bolívar,13.244,El Carmen de Bolívar
Pacífico,27,Chocó,27.245,El Carmen de Atrato
Caribe,70,Sucre,70.702,San Juan de Betulia
Caribe,47,Magdalena,47.545,Pijiño del Carmen
Eje Cafetero - Antioquia,5,Antioquia,5.873,Vigía del Fuerte
Caribe,13,Bolívar,13.667,San Martín de Loba
Caribe,13,Bolívar,13.03,Altos del Rosario
Centro Sur,73,Tolima,73.148,Carmen de Apicala
Centro Oriente,25,Cundinamarca,25.645,San Antonio del Tequendama
Centro Oriente,68,Santander,68.655,Sabana de Torres
Llano,95,Guaviare,95.025,El Retorno
Caribe,23,Córdoba,23.682,San José de Uré
Pacífico,52,Nariño,52.694,San Pedro de Cartago
Caribe,8,Atlántico,8.137,Campo de La Cruz
Llano,50,Meta,50.683,San Juan de Arama
Eje Cafetero - Antioquia,5,Antioquia,5.658,San José de La Montaña
Centro Sur,18,Caquetá,18.15,Cartagena del Chairá
Pacífico,27,Chocó,27.66,San José del Palmar
Centro Oriente,25,Cundinamarca,25.001,Agua de Dios
Caribe,13,Bolívar,13.655,San Jacinto del Cauca
Centro Sur,41,Huila,41.668,San Agustín
Pacífico,52,Nariño,52.258,El Tablón de Gómez
Caribe,88,"Archipiélago de San Andrés, Providencia y Santa Catalina",88.001,San Andrés
Centro Oriente,15,Boyacá,15.664,San José de Pare
Centro Sur,86,Putumayo,86.865,Valle de Guamez
Caribe,13,Bolívar,13.67,San Pablo de Borbur
Caribe,70,Sucre,70.82,Santiago de Tolú
Centro Oriente,11,Bogotá D.C.,11.001,Bogotá D.C.
Centro Oriente,25,Cundinamarca,25.154,Carmen de Carupa
Caribe,23,Córdoba,23.189,Ciénaga de Oro
Eje Cafetero - Antioquia,5,Antioquia,5.659,San Juan de Urabá
Caribe,44,La Guajira,44.65,San Juan del Cesar
Centro Oriente,68,Santander,68.235,El Carmen de Chucurí
Eje Cafetero - Antioquia,5,Antioquia,5.148,El Carmen de Viboral
Eje Cafetero - Antioquia,66,Risaralda,66.088,Belén de Umbría
Pacífico,27,Chocó,27.086,Belén de Bajira
Centro Oriente,68,Santander,68.855,Valle de San José
Centro Sur,73,Tolima,73.678,San Luis
Centro Oriente,15,Boyacá,15.676,San Miguel de Sema
Centro Sur,73,Tolima,73.675,San Antonio
Centro Oriente,68,Santander,68.673,San Benito
Centro Oriente,25,Cundinamarca,25.862,Vergara
Caribe,23,Córdoba,23.678,San Carlos
Centro Sur,91,Amazonas,91.53,Puerto Alegría
Centro Oriente,68,Santander,68.344,Hato
Caribe,13,Bolívar,13.654,San Jacinto
Pacífico,19,Cauca,19.693,San Sebastián
Eje Cafetero - Antioquia,5,Antioquia,5.649,San Carlos
Centro Oriente,15,Boyacá,15.837,Tuta
Centro Oriente,54,Norte de Santander,54.743,Silos
Centro Oriente,54,Norte de Santander,54.125,Cácota
Pacífico,76,Valle del Cauca,76.25,El Dovio
Centro Oriente,54,Norte de Santander,54.82,Toledo
Pacífico,76,Valle del Cauca,76.622,Roldanillo
Centro Oriente,54,Norte de Santander,54.48,Mutiscua
Pacífico,76,Valle del Cauca,76.054,Argelia
Centro Oriente,54,Norte de Santander,54.261,El Zulia
Centro Oriente,54,Norte de Santander,54.66,Salazar
Pacífico,76,Valle del Cauca,76.736,Sevilla
Pacífico,76,Valle del Cauca,76.895,Zarzal
Centro Oriente,54,Norte de Santander,54.223,Cucutilla
Pacífico,76,Valle del Cauca,76.248,El Cerrito
Pacífico,76,Valle del Cauca,76.147,Cartago
Pacífico,76,Valle del Cauca,76.122,Caicedonia
Centro Oriente,54,Norte de Santander,54.553,Puerto Santander
Centro Oriente,54,Norte de Santander,54.313,Gramalote
Pacífico,76,Valle del Cauca,76.246,El Cairo
Centro Oriente,54,Norte de Santander,54.25,El Tarra
Pacífico,76,Valle del Cauca,76.4,La Unión
Pacífico,76,Valle del Cauca,76.606,Restrepo
Centro Oriente,54,Norte de Santander,54.8,Teorama
Pacífico,76,Valle del Cauca,76.233,Dagua
Centro Oriente,54,Norte de Santander,54.051,Arboledas
Pacífico,76,Valle del Cauca,76.318,Guacarí
Centro Oriente,54,Norte de Santander,54.418,Lourdes
Pacífico,76,Valle del Cauca,76.041,Ansermanuevo
Centro Oriente,54,Norte de Santander,54.099,Bochalema
Pacífico,76,Valle del Cauca,76.113,Bugalagrande
Centro Oriente,54,Norte de Santander,54.206,Convención
Centro Oriente,54,Norte de Santander,54.344,Hacarí
Pacífico,76,Valle del Cauca,76.403,La Victoria
Centro Oriente,54,Norte de Santander,54.347,Herrán
Pacífico,76,Valle del Cauca,76.306,Ginebra
Pacífico,76,Valle del Cauca,76.892,Yumbo
Pacífico,76,Valle del Cauca,76.497,Obando
Centro Oriente,54,Norte de Santander,54.81,Tibú
Centro Oriente,54,Norte de Santander,54.673,San Cayetano
Centro Oriente,54,Norte de Santander,54.67,San Calixto
Pacífico,76,Valle del Cauca,76.1,Bolívar
Centro Oriente,54,Norte de Santander,54.398,La Playa
Pacífico,76,Valle del Cauca,76.001,Cali
Pacífico,76,Valle del Cauca,76.67,San Pedro
Pacífico,76,Valle del Cauca,76.111,Guadalajara de Buga
Centro Oriente,54,Norte de Santander,54.172,Chinácota
Centro Oriente,54,Norte de Santander,54.599,Ragonvalia
Centro Oriente,54,Norte de Santander,54.385,La Esperanza
Centro Oriente,54,Norte de Santander,54.874,Villa del Rosario
Centro Oriente,54,Norte de Santander,54.174,Chitagá
Pacífico,76,Valle del Cauca,76.126,Calima
Centro Oriente,54,Norte de Santander,54.72,Sardinata
Pacífico,76,Valle del Cauca,76.036,Andalucía
Pacífico,76,Valle del Cauca,76.563,Pradera
Centro Oriente,54,Norte de Santander,54.003,Abrego
Centro Oriente,54,Norte de Santander,54.405,Los Patios
Centro Oriente,54,Norte de Santander,54.498,Ocaña
Centro Oriente,54,Norte de Santander,54.109,Bucarasica
Pacífico,76,Valle del Cauca,76.89,Yotoco
Pacífico,76,Valle del Cauca,76.52,Palmira
Pacífico,76,Valle del Cauca,76.616,Riofrío
Centro Oriente,54,Norte de Santander,54.68,Santiago
Pacífico,76,Valle del Cauca,76.02,Alcalá
Pacífico,76,Valle del Cauca,76.863,Versalles
Centro Oriente,54,Norte de Santander,54.377,Labateca
Centro Oriente,54,Norte de Santander,54.128,Cachirá
Centro Oriente,54,Norte de Santander,54.871,Villa Caro
Centro Oriente,54,Norte de Santander,54.239,Durania
Pacífico,76,Valle del Cauca,76.243,El Águila
Pacífico,76,Valle del Cauca,76.823,Toro
Pacífico,76,Valle del Cauca,76.13,Candelaria
Pacífico,76,Valle del Cauca,76.377,La Cumbre
Pacífico,76,Valle del Cauca,76.845,Ulloa
Pacífico,76,Valle del Cauca,76.828,Trujillo
Pacífico,76,Valle del Cauca,76.869,Vijes
Centro Oriente,68,Santander,68.176,Chimá
Caribe,70,Sucre,70.67,Sampués
Llano,85,Casanare,85.225,Nunchía
Centro Oriente,54,Norte de Santander,54.518,Pamplona
Centro Oriente,25,Cundinamarca,25.019,Albán
Caribe,23,Córdoba,23.466,Montelíbano
Centro Sur,86,Putumayo,86.568,Puerto Asís
Caribe,70,Sucre,70.215,Corozal
Pacífico,52,Nariño,52.11,Buesaco
Llano,85,Casanare,85.139,Maní
Caribe,13,Bolívar,13.268,El Peñón
Pacífico,76,Valle del Cauca,76.834,Tuluá
Centro Sur,73,Tolima,73.152,Casabianca
Centro Oriente,25,Cundinamarca,25.04,Anolaima
Centro Oriente,25,Cundinamarca,25.175,Chía
Pacífico,52,Nariño,52.835,San Andrés de Tumaco
Centro Sur,18,Caquetá,18.46,Milán
Centro Oriente,68,Santander,68.147,Capitanejo
Centro Sur,73,Tolima,73.043,Anzoátegui
Pacífico,76,Valle del Cauca,76.275,Florida
Caribe,8,Atlántico,8.606,Repelón
Eje Cafetero - Antioquia,5,Antioquia,5.284,Frontino
Centro Oriente,25,Cundinamarca,25.258,El Peñón
Centro Oriente,54,Norte de Santander,54.52,Pamplonita
Centro Sur,91,Amazonas,91.46,Miriti Paraná
Llano,85,Casanare,85.4,Támara
Centro Oriente,15,Boyacá,15.806,Tibasosa
Pacífico,19,Cauca,19.517,Páez
Centro Sur,73,Tolima,73.001,Ibagué
Caribe,8,Atlántico,8.573,Puerto Colombia
Pacífico,52,Nariño,52.083,Belén
Centro Oriente,25,Cundinamarca,25.758,Sopó
Pacífico,27,Chocó,27.15,Carmen del Darien
Centro Oriente,25,Cundinamarca,25.299,Gama
Centro Oriente,25,Cundinamarca,25.718,Sasaima
Pacífico,52,Nariño,52.24,Chachagüí
Centro Oriente,54,Norte de Santander,54.001,Cúcuta
Caribe,13,Bolívar,13.001,Cartagena
Eje Cafetero - Antioquia,5,Antioquia,5.313,Granada
Caribe,47,Magdalena,47.72,Santa Bárbara de Pinto
Caribe,13,Bolívar,13.442,María la Baja
Centro Sur,18,Caquetá,18.41,La Montañita
Centro Sur,18,Caquetá,18.753,San Vicente del Caguán
Centro Oriente,68,Santander,68.25,El Peñón
Eje Cafetero - Antioquia,5,Antioquia,5.364,Jardín
Pacífico,76,Valle del Cauca,76.364,Jamundí
Pacífico,27,Chocó,27.787,Tadó
Llano,85,Casanare,85.23,Orocué
Centro Sur,73,Tolima,73.411,Líbano
Centro Oriente,25,Cundinamarca,25.885,Yacopí
Eje Cafetero - Antioquia,63,Quindío,63.13,Calarcá
Eje Cafetero - Antioquia,5,Antioquia,5.756,Sonsón
Centro Oriente,54,Norte de Santander,54.245,El Carmen
Centro Sur,73,Tolima,73.408,Lérida
Caribe,23,Córdoba,23.35,La Apartada
Caribe,13,Bolívar,13.62,San Cristóbal
Centro Oriente,25,Cundinamarca,25.29,Fusagasugá
Caribe,13,Bolívar,13.894,Zambrano
Centro Oriente,15,Boyacá,15.403,La Uvita
Centro Oriente,25,Cundinamarca,25.899,Zipaquirá
Eje Cafetero - Antioquia,63,Quindío,63.302,Génova
Centro Sur,73,Tolima,73.77,Suárez
Llano,50,Meta,50.15,Castilla la Nueva
Centro Oriente,15,Boyacá,15.087,Belén
Pacífico,27,Chocó,27.81,Unión Panamericana
Caribe,47,Magdalena,47.57,Pueblo Viejo
Centro Sur,86,Putumayo,86.885,Villagarzón
Centro Oriente,25,Cundinamarca,25.269,Facatativá
Caribe,23,Córdoba,23.58,Puerto Libertador
Eje Cafetero - Antioquia,17,Caldas,17.444,Marquetalia
Pacífico,52,Nariño,52.051,Arboleda
Pacífico,76,Valle del Cauca,76.109,Buenaventura
Caribe,47,Magdalena,47.189,Ciénaga
Caribe,8,Atlántico,8.56,Ponedera
